date,base_fuel_l,aurora_fuel_l,base_ren_kwh,aurora_ren_kwh,demand_kwh,base_gen_h,aurora_gen_h,storm_h,hours
2023-01-01,634.6122271848798,519.06583605108,1241.2434178036367,1262.6035923490724,5242.184789904955,21.25,9.0,0.0,19.0
2023-01-02,920.7905556151456,724.9228681427577,1036.5023910823022,1036.5023910823022,6056.873845863903,30.0,14.75,0.0,24.0
2023-01-03,936.7334575518976,729.7241284277361,972.625669666023,972.625669666023,5957.026666667691,30.5,14.5,0.0,24.0
2023-01-04,906.5667535505997,694.4031345792013,1008.0155932953639,1008.0155932953639,6101.553528232455,29.5,15.0,0.0,24.0
2023-01-05,850.8062369809644,686.88664150311,1192.7098983545043,1192.7098983545043,6195.067321868216,27.75,14.0,0.0,24.0
2023-01-06,880.0862456907897,695.794651602638,996.9878853496101,996.9878853496101,6063.571564904515,28.5,15.0,0.0,24.0
2023-01-07,948.2386666037132,708.3423252401741,795.0957793150004,795.0957793150004,5937.804483585716,30.75,14.75,0.0,24.0
2023-01-08,857.1416088445474,680.6731144006309,993.5823204698162,993.5823204698162,5956.715693429715,27.75,14.0,0.0,24.0
2023-01-09,877.9492650825898,705.5401966519679,949.2280880337689,949.2280880337689,5884.165213929651,28.75,16.0,0.0,24.0
2023-01-10,930.0357368020478,724.012239704696,792.6181264334825,792.6181264334825,5717.2763165075285,30.25,14.5,0.0,24.0
2023-01-11,951.4594963127097,770.3272711681147,806.2172422876856,806.2172422876856,5902.089516418363,30.5,15.5,0.0,24.0
2023-01-12,955.3217148971412,712.4916710507255,797.1063982286147,797.1063982286147,5746.217774068522,31.25,14.0,0.0,24.0
2023-01-13,907.432353747743,746.7326368270619,864.4444148003216,864.4444148003216,5989.941138814127,29.0,15.0,0.0,24.0
2023-01-14,912.5886429241966,711.0844748994754,777.6541374508869,777.6541374508869,5834.593924842405,29.25,14.25,0.0,24.0
2023-01-15,900.4969071700722,735.9662478456073,856.8378513500319,856.8378513500319,5968.181790831344,28.75,16.25,0.0,24.0
2023-01-16,703.7802453732966,500.5502444460579,1775.4753842613507,1775.4753842613507,6111.616484726158,24.0,10.25,0.0,24.0
2023-01-17,770.3236873125685,662.0921306952961,1082.9521112196903,1129.589268259388,5815.610287341147,26.5,10.0,0.0,24.0
2023-01-18,931.7504216539348,733.617617911278,747.5464368332476,747.5464368332476,5777.164207115402,30.25,15.0,0.0,24.0
2023-01-19,861.026313213143,699.2477701936324,1032.2214136590258,1032.2214136590258,5934.920891234717,28.5,15.0,0.0,24.0
2023-01-20,880.7176721800988,662.3135440515861,1120.2655659684926,1120.2655659684926,6006.357232193506,29.0,15.0,0.0,24.0
2023-01-21,874.0275002976309,694.6910855940065,1172.6928112219725,1172.6928112219725,6113.843540064067,29.0,15.0,0.0,24.0
2023-01-22,900.7200956958619,710.4413004163569,1073.6016424402808,1073.6016424402808,6130.433406233022,29.5,15.0,0.0,24.0
2023-01-23,895.1830134256039,651.9337414210154,1141.0878693703792,1141.0878693703792,6250.674532060283,29.0,12.25,0.0,24.0
2023-01-24,852.1947697323507,597.4796830607896,1497.4659564021304,1561.0864757398112,6665.41539530469,27.25,10.0,0.0,24.0
2023-01-25,785.4822824706731,721.0392493606705,1611.6938700945373,1707.8995037966265,6678.485047320227,25.5,11.75,0.0,24.0
2023-01-26,713.1586395337138,622.6660976668352,1840.843025782107,1921.1342766295559,6527.055252112736,24.75,8.0,0.0,24.0
2023-01-27,649.7968368324142,476.10856986943094,1834.6947903515909,1855.263036175027,5788.6788941767845,24.0,6.0,6.0,24.0
2023-01-28,740.1814318669989,573.8886427482033,1269.416098077208,1608.2267497102187,5929.8650892286005,26.0,8.0,0.0,24.0
2023-01-29,801.4217820531464,663.963745521341,1137.6193889484302,1270.0932932486296,6100.093883284697,26.75,12.0,0.0,24.0
2023-01-30,954.486366843656,694.94241484831,874.3431411478097,874.3431411478097,6093.438169378892,30.5,14.0,0.0,24.0
2023-01-31,953.3923779865936,718.142566398093,634.681380989576,634.681380989576,5786.7160298131475,30.25,14.25,0.0,24.0
2023-02-01,892.1274863151976,756.088774351336,583.1048615492839,583.1048615492839,5796.0018151266,29.75,16.0,0.0,24.0
2023-02-02,867.7181452928068,636.0275156840712,1083.2642050007053,1083.2642050007053,6220.856925942491,28.5,13.25,0.0,24.0
2023-02-03,907.0671298454598,792.6162451435956,890.9786880748068,890.9786880748068,6064.905176134198,28.75,17.0,12.0,24.0
2023-02-04,657.9932437677716,461.1633145910009,1770.2898529362028,1770.2898529362028,5779.885814301504,24.0,6.0,0.0,24.0
2023-02-05,623.4041942031337,524.5661859787923,1514.2529129560066,1800.857325363858,5646.0518331433295,24.0,7.0,0.0,24.0
2023-02-06,766.0455233743218,582.8390946335797,1115.2356434250632,1115.2356434250632,5645.764481252197,26.5,10.0,0.0,24.0
2023-02-07,793.3126690699619,647.9357897063934,1387.524951457854,1467.3347532943471,6225.723633403381,26.5,11.0,0.0,24.0
2023-02-08,802.116126603041,655.181913794346,1171.0338371490905,1171.0338371490905,6162.888465036767,26.5,11.0,0.0,24.0
2023-02-09,930.1971727623344,686.6726538415213,768.2351483337316,768.2351483337316,6133.481347004534,30.0,15.5,0.0,24.0
2023-02-10,876.1757662953604,705.6951128865794,996.1643836807034,996.1643836807034,6324.636480964296,28.0,13.0,0.0,24.0
2023-02-11,785.3496519515272,697.573832077815,1303.8433213816163,1417.6739022554902,6444.277983859449,25.5,11.0,0.0,24.0
2023-02-12,928.4190873892843,671.1166722063479,808.6114462994668,808.6114462994668,6121.3194833944635,29.0,14.0,0.0,24.0
2023-02-13,994.9290994440723,815.4848908696548,542.5715510698757,542.5715510698757,5933.035295755146,31.0,16.25,0.0,24.0
2023-02-14,844.7407758288526,669.2789602896028,1024.6050639286889,1024.6050639286889,5860.708847894935,28.25,15.5,0.0,24.0
2023-02-15,935.0286475595051,733.9039500129784,869.2143271292637,869.2143271292637,5962.388624079359,30.25,15.75,0.0,24.0
2023-02-16,852.1069072278175,689.0577252577389,954.9806876736227,954.9806876736227,5578.083278938739,28.5,14.0,0.0,24.0
2023-02-17,784.68115887251,588.1269692076763,1431.7042119704192,1431.7042119704192,5973.58914725197,27.0,11.0,0.0,24.0
2023-02-18,797.9669116543615,620.4887312195455,1354.4926489198829,1442.8611873869772,6208.060021552625,27.0,11.0,0.0,24.0
2023-02-19,769.2263839404576,641.7514293887256,1503.3394046868968,1498.6515634129246,6151.860656525818,26.0,12.25,0.0,24.0
2023-02-20,803.1305754558025,630.3636881478672,1452.4752067445036,1538.7340976336027,6291.6207391854405,27.25,9.0,0.0,24.0
2023-02-21,803.0897955143416,633.1007966350734,1685.258678781417,1737.6947131546192,6608.317153544791,27.0,9.0,0.0,24.0
2023-02-22,782.1881192698,622.1368099878043,1477.3844976723012,1612.826231543138,6457.410781014096,26.25,9.0,0.0,24.0
2023-02-23,916.5129225760793,661.2479562736373,1075.9004132997818,1075.9004132997818,6140.003432740425,30.75,15.0,0.0,24.0
2023-02-24,757.1598303203673,626.774636032496,1492.6372314668502,1524.3783037151954,6167.175065242395,26.25,10.0,0.0,24.0
2023-02-25,874.0227220308677,742.2854716140242,1029.8333410575683,1029.8333410575683,6317.382187866159,28.25,13.0,0.0,24.0
2023-02-26,1051.0063678754432,750.0257917010933,538.5715820105863,538.5715820105863,6354.826337395969,31.75,15.25,0.0,24.0
2023-02-27,953.8592148675286,762.8465392637074,789.9540485563748,789.9540485563748,6396.9132942109645,29.75,16.25,0.0,24.0
2023-02-28,932.0345291034179,750.1156767750947,901.9544432997786,901.9544432997786,6557.367592579551,29.25,14.0,0.0,24.0
2023-03-01,600.7487862186387,542.8730080518043,766.706689520978,766.706689520978,4512.458875127872,24.0,10.25,0.0,24.0
2023-03-02,744.973017016018,607.7179086125687,267.0216700893852,267.0216700893852,4247.8488865919835,27.5,13.75,0.0,24.0
2023-03-03,700.2554175414705,501.35955602774266,475.4157427871521,475.4157427871521,4690.2548048901435,25.5,12.25,0.0,24.0
2023-03-04,694.9281881834139,595.9515428316611,496.5518294850896,496.5518294850896,4815.712344206964,24.5,12.5,0.0,24.0
2023-03-05,649.9675130831342,501.057378660168,551.1616780685615,551.1616780685615,4450.973415424366,24.75,9.0,0.0,24.0
2023-03-06,673.1188680358713,592.4522486978022,627.5416054796192,627.5416054796192,4443.071312953241,26.0,12.0,0.0,24.0
2023-03-07,592.1746691099585,286.9165106060313,1080.5633966296052,1408.120178904496,4355.278576039778,24.0,3.0,0.0,24.0
2023-03-08,591.2495893181995,336.6484306467911,715.1773909338012,1723.9731144271716,4317.195091992911,24.0,2.0,0.0,24.0
2023-03-09,621.0283527645599,488.708320238824,370.637514491929,872.4522517778155,4228.6696158938175,24.25,7.0,0.0,24.0
2023-03-10,670.8069694643389,518.4036698120547,516.4663309798123,516.4663309798123,4087.861333361793,24.75,12.0,0.0,24.0
2023-03-11,591.2595185346453,349.848138273609,1004.8846835375483,1048.1874228216116,4319.940127606555,24.0,5.0,0.0,24.0
2023-03-12,591.8183932693095,488.7423586739365,688.4031054287487,1025.6497990850467,4376.591173044481,24.0,7.0,0.0,24.0
2023-03-13,590.6210056096842,385.543243634663,746.9495159863359,824.3927244839033,4233.196026859702,24.0,7.0,0.0,24.0
2023-03-14,592.5942777026055,301.06304420888887,727.3833881707495,1854.0228112247075,4406.10312289067,24.0,0.0,0.0,24.0
2023-03-15,616.9214083462542,599.9663795946694,407.7528633984498,767.4953144790421,4390.709671110945,24.25,11.25,0.0,24.0
2023-03-16,608.3271296866279,365.418022186009,1002.2763645789091,1032.724922290779,4717.023359227378,24.0,5.0,0.0,24.0
2023-03-17,601.5526698558299,540.975046532544,1001.6408751896499,1001.6408751896499,4789.087447838117,24.0,11.75,6.0,24.0
2023-03-18,592.3472385662748,551.5706665529659,501.64632170458947,834.0847330916841,4425.739472160302,24.0,7.0,0.0,24.0
2023-03-19,610.8890252737355,518.1229580986687,777.0557193613869,777.0557193613869,4600.42170511177,24.0,8.0,0.0,24.0
2023-03-20,642.7875802006398,456.96792144137714,781.6394931065059,781.6394931065059,5034.426786893553,24.0,7.0,0.0,24.0
2023-03-21,677.3899908464746,610.211616879439,472.89162161358416,472.89162161358416,4902.980147122088,24.0,10.0,0.0,24.0
2023-03-22,679.0939750165056,618.6227434789797,560.5476115642451,560.5476115642451,5027.982517486482,24.0,10.0,0.0,24.0
2023-03-23,719.9864359990241,602.9570221862037,656.524804395827,656.524804395827,5249.929231677946,24.5,10.0,0.0,24.0
2023-03-24,691.3504856994806,595.6622256939463,593.4242352580928,593.4242352580928,5041.370779326798,25.25,10.0,0.0,24.0
2023-03-25,690.6315868870624,442.49359591356296,853.0461803953448,853.0461803953448,5087.562757275153,24.5,5.25,0.0,24.0
2023-03-26,633.633213212723,548.3209820326788,729.4239721548713,729.4239721548713,4787.370493879108,24.75,9.25,0.0,24.0
2023-03-27,631.542237044641,584.953213794536,755.684255803723,783.7908633018837,4725.148909595729,24.5,9.0,0.0,24.0
2023-03-28,749.277317053171,589.625311678071,267.14256095856604,267.14256095856604,4777.404461413175,27.0,12.25,0.0,24.0
2023-03-29,685.0971233684268,507.0861866314016,1090.9667937387828,1093.708959359395,5387.71588754322,24.0,6.0,0.0,24.0
2023-03-30,725.597299429745,512.3860526970828,939.7845849980247,1543.0572716906227,5785.333690741473,24.0,3.25,0.0,24.0
2023-03-31,717.3509005301822,671.4032456270803,574.4822761668947,1034.0873927188425,5681.2338374227575,24.0,9.0,0.0,24.0
2023-04-01,724.5963151885265,508.8661166632198,610.4568175312837,610.4568175312837,5369.087192852597,25.5,9.0,0.0,24.0
2023-04-02,603.6191433858256,508.39347614191956,1124.045940888863,1603.7770158875921,4721.576298774668,24.0,7.0,16.0,24.0
2023-04-03,595.3776993340242,320.4414380630971,746.7800873788254,1481.4377224729008,4515.62945911023,24.0,6.0,11.0,24.0
2023-04-04,594.1428131787695,371.812028434989,706.657747681807,1303.3493200399494,4461.615132305267,24.0,3.0,0.0,24.0
2023-04-05,643.5333534212336,490.84098901249155,730.8436000440945,1205.6124206071036,4967.287337340116,24.0,5.0,0.0,24.0
2023-04-06,666.8904657409163,570.3559961691581,511.9193256898406,787.2003895849523,5096.97979209465,24.5,10.0,0.0,24.0
2023-04-07,716.8549420366344,612.767482717082,353.6112638986145,353.6112638986145,4705.481041113512,26.75,10.0,0.0,24.0
2023-04-08,679.9121075504772,605.1558516537701,612.6339490541995,605.7545691206217,4983.537814073325,24.5,9.0,0.0,24.0
2023-04-09,753.8002536857034,518.4334263320692,421.60645501748576,421.60645501748576,4883.340527663384,26.75,9.0,0.0,24.0
2023-04-10,690.0547341498832,530.1742646744392,781.4421654018254,781.4421654018254,5037.629579363148,25.0,8.0,0.0,24.0
2023-04-11,644.1089515678622,590.25781472346,764.0401734546407,878.6999606826322,4968.862261437246,24.0,9.0,0.0,24.0
2023-04-12,672.1220967788202,478.9700596701693,881.1870491578637,1020.7102886569631,5183.479205654514,24.0,5.0,0.0,24.0
2023-04-13,655.5250574296849,427.97607470415,726.0784619007106,1442.4974114478478,5059.71683568742,24.0,2.0,0.0,24.0
2023-04-14,616.1429700165951,552.2403640653872,578.8345357636895,941.1910008440711,4533.401270395994,24.25,11.75,0.0,24.0
2023-04-15,601.5761191106092,357.2876113502596,968.2603789054621,1374.600629060351,4571.411722736817,24.0,3.0,0.0,24.0
2023-04-16,654.7988576617963,468.57584638366666,879.3103578818062,1558.7814949026244,5211.018656535455,24.0,3.0,0.0,24.0
2023-04-17,691.5555053427248,491.5862854841468,862.7789634190204,1329.9005343307604,5305.62818176754,25.0,6.0,0.0,24.0
2023-04-18,596.875403290118,375.8988648662413,720.7579837733375,1497.1860939270941,4524.6712631387145,24.0,2.0,0.0,24.0
2023-04-19,619.3014845968437,512.9699983766968,799.2342355564718,1450.2736517464607,4771.296218259375,24.0,7.75,12.0,24.0
2023-04-20,676.0380871180371,409.24581070224485,730.0157971587831,1512.128757548925,5243.6786831576055,24.0,2.0,0.0,24.0
2023-04-21,681.0379034339935,466.6694411823311,744.1663721240994,1284.2660779596965,5301.570746114958,24.0,3.0,0.0,24.0
2023-04-22,680.1832340890303,625.7157600482012,310.28843369005,376.9230700678398,5007.121378454748,25.0,13.0,0.0,24.0
2023-04-23,674.363121471333,490.9317776218086,1231.1764043087157,1231.1764043087157,5360.28111757363,24.0,4.0,0.0,24.0
2023-04-24,641.3703102735896,463.65182956464406,775.5540263282531,1267.325495502345,5000.006862801116,24.0,4.0,0.0,24.0
2023-04-25,739.8919698354741,532.2107613751041,767.1071888583423,1599.1934036327095,5793.819962826509,24.0,3.0,0.0,24.0
2023-04-26,733.8376079890598,532.2296253134019,721.4759212701375,1440.6723413625116,5728.243674424877,24.0,3.0,7.0,24.0
2023-04-27,653.9969368383236,561.5541112685474,737.7649773455732,1120.7194547632623,5057.757925873554,24.0,9.0,23.0,24.0
2023-04-28,661.6604149774834,394.87207423789744,744.9251598437402,1488.4023259878559,5129.487292243776,24.0,2.0,6.0,24.0
2023-04-29,714.6484503327828,536.651573931117,721.1301855738931,1385.8523134396942,5556.185372995934,24.0,4.0,0.0,24.0
2023-04-30,740.6957663477255,638.3674111445713,526.1873488332659,910.3457518050393,5799.17491241382,24.0,6.0,0.0,24.0
2023-05-01,772.6641122419807,549.104305647852,834.6715288821738,834.6715288821738,5867.826309775461,25.0,7.0,0.0,24.0
2023-05-02,799.3586437932499,708.2457527762517,657.0297779566274,657.0297779566274,5863.391657973651,25.75,11.0,0.0,24.0
2023-05-03,741.703674376199,704.8623350028258,294.6488185764514,294.6488185764514,5249.549774868377,25.5,11.0,0.0,24.0
2023-05-04,839.2785194128332,591.1617508611783,67.00923369766468,67.00923369766468,4781.634235664316,28.5,12.25,0.0,24.0
2023-05-05,826.1240022871795,659.9574548890071,212.19317941480895,212.19317941480895,4833.833364463238,28.25,14.0,0.0,24.0
2023-05-06,726.201853610801,626.2751247227942,443.32042127813116,443.32042127813116,4725.661811059851,26.75,12.0,0.0,24.0
2023-05-07,726.6846368503734,585.3351127861055,668.1135610374391,668.1135610374391,5090.315480526241,25.0,9.0,0.0,24.0
2023-05-08,696.3917226404269,581.8423104884761,357.4857806575079,398.375227311501,5068.071361382758,25.0,10.0,0.0,24.0
2023-05-09,840.7551653434763,625.601519361377,511.7525885232989,511.7525885232989,5489.083632527342,28.0,11.0,0.0,24.0
2023-05-10,787.9575735153578,656.1920081219857,375.5299722546086,402.4078082279038,5684.2908876774245,25.5,9.0,0.0,24.0
2023-05-11,901.2952193188817,802.941533264761,109.75390921569632,109.75390921569632,5856.640992306452,27.5,17.0,0.0,24.0
2023-05-12,894.146903813626,775.4539838282374,55.92779203095356,55.92779203095356,5495.675166648944,28.5,16.25,0.0,24.0
2023-05-13,915.2903665909585,732.8914029122772,104.22620388717795,104.22620388717795,5733.407460344453,28.5,14.25,0.0,24.0
2023-05-14,769.8233623229929,556.1577880586145,846.4211205608381,846.4211205608381,5253.771324445226,26.5,7.0,0.0,24.0
2023-05-15,669.7873576707652,551.0398513460657,351.4494367820761,527.7847710678091,4782.090537811967,25.25,8.25,0.0,24.0
2023-05-16,693.205714665345,588.9803467410068,902.1560224097834,908.9552498599388,5283.267047118832,24.0,11.0,13.0,24.0
2023-05-17,733.7733938482181,643.919162767887,903.8064956869399,1298.2751152845804,5883.156564072315,24.0,7.0,18.0,24.0
2023-05-18,738.0159678269375,512.5348505075772,727.9940255646823,1224.4168955294633,5756.657870338014,24.0,4.0,11.0,24.0
2023-05-19,779.087342891765,567.5458201446911,773.1998692662494,1404.3875917014898,5985.275800907477,25.0,3.0,0.0,24.0
2023-05-20,804.3050748140599,706.8098043516375,332.68122831859847,624.4321859612885,5966.267726640614,25.75,10.5,0.0,24.0
2023-05-21,886.9675951930428,748.4781166837658,190.54286294239253,190.54286294239253,5871.513423573739,27.75,16.0,0.0,24.0
2023-05-22,868.2675635617452,675.0979439446514,210.45186506486115,210.45186506486115,5710.169989393986,27.5,10.0,0.0,24.0
2023-05-23,900.2320149399402,699.5927410538563,623.9423827812734,740.9001571254164,6026.834423270624,28.0,10.0,0.0,24.0
2023-05-24,789.17009600482,709.3643181517697,221.38769453847095,477.1626493897099,5817.064643256039,25.25,11.0,1.0,24.0
2023-05-25,815.0853025483127,634.5955617828621,1147.012875591509,1363.2003722994757,6487.314931229061,24.0,4.0,5.0,24.0
2023-05-26,802.9423072021598,624.5382418124154,504.9227001213002,793.4427972662091,5731.378796264179,25.75,7.0,0.0,24.0
2023-05-27,789.6705320736844,688.7028512427568,629.4701199226029,1036.052312281449,6316.195630764708,24.5,7.0,0.0,24.0
2023-05-28,878.541580648953,658.061751030903,466.77141132955376,466.77141132955376,6026.590412485418,27.25,8.0,0.0,24.0
2023-05-29,806.2847671792438,713.9018383762593,509.24146600358523,686.5763653931422,6056.184253581238,25.0,9.0,0.0,24.0
2023-05-30,721.212135560888,635.3325866027687,621.7970354725157,622.8237571221845,5320.871805100341,25.0,8.75,6.0,24.0
2023-05-31,685.1004204646817,513.6343464036995,1035.4648858800774,1209.8389455209665,5323.795116211211,24.0,5.0,0.0,24.0
2023-06-01,762.684920137286,636.8089729067447,279.80050112016784,395.51950040994814,5401.931879842192,26.5,13.25,0.0,24.0
2023-06-02,819.2627083826803,589.8509890634232,545.5441558060775,545.5441558060775,5523.057654473007,27.0,9.0,0.0,24.0
2023-06-03,801.3693775819523,712.7096648847347,449.19534095127824,449.19534095127824,5746.197510487314,25.75,11.0,0.0,24.0
2023-06-04,810.7776531599321,694.7049960159989,700.7585768992247,700.7585768992247,6145.73181542924,25.0,8.0,0.0,24.0
2023-06-05,822.4158806432005,736.8369073367328,328.3661340502628,328.3661340502628,5797.7968724746825,26.0,14.0,6.0,24.0
2023-06-06,698.9139948331213,590.4865073508211,781.8961066321746,933.087910150754,5493.424814320628,24.0,6.0,0.0,24.0
2023-06-07,692.8838223908047,491.64762978531496,841.6870450162717,1000.9986570228655,4904.610581961283,24.25,8.0,19.0,24.0
2023-06-08,645.5936668784334,440.16098703944425,739.96707335334,1440.0,4982.87505754848,24.0,2.0,5.0,24.0
2023-06-09,711.7084433646975,503.95878303608555,578.7684823050298,999.8091394584425,5257.999234743123,25.0,5.0,0.0,24.0
2023-06-10,661.5522729331923,505.05980374299173,666.0559647136106,968.698289255322,4756.308927999641,25.0,7.0,0.0,24.0
2023-06-11,667.0176582234368,570.4228693385181,718.9136203675041,1231.1020104147185,5129.906168964345,24.5,6.0,18.0,24.0
2023-06-12,698.2732696305752,514.5764111318335,569.6923277144763,989.5448977857786,5199.775603030367,24.75,6.0,0.0,24.0
2023-06-13,664.4064425964101,433.9607271907866,759.8000605189558,941.4473811455053,4841.829737931002,25.0,5.0,0.0,24.0
2023-06-14,653.4686457706784,467.6745770559661,871.8616313084757,1321.6476834220912,4998.398004901053,24.5,5.0,6.0,24.0
2023-06-15,648.6845794713547,446.5814097313969,721.8848018896383,1326.091878134748,4992.627399286308,24.0,3.0,0.0,24.0
2023-06-16,625.5747382749139,422.8651830902277,754.8373162683239,1440.0,4826.818951452231,24.0,3.0,0.0,24.0
2023-06-17,610.1276590771237,502.05586275074705,806.5879137859118,1313.4050059167696,4809.946124792982,24.0,5.0,0.0,24.0
2023-06-18,719.0819395807084,582.9198422503601,366.1873891298733,371.1327651881234,4865.974048531921,26.0,11.0,0.0,24.0
2023-06-19,665.6099336491583,502.08543356400656,525.3294845116902,525.3294845116902,4744.981773781113,25.25,8.0,0.0,24.0
2023-06-20,825.3735900791918,677.5633511088224,235.6855475209927,235.6855475209927,5103.276165369954,27.75,13.25,0.0,24.0
2023-06-21,722.6564406850492,570.5181684179173,822.826499109679,822.826499109679,5383.978887925882,24.75,8.0,0.0,24.0
2023-06-22,764.5589284148359,629.2102311211947,426.3431822606818,426.3431822606818,5211.129401139752,26.25,11.0,0.0,24.0
2023-06-23,660.2059566020874,510.61314859130994,861.9280033752237,982.0970584261053,4702.630743595969,25.0,7.0,0.0,24.0
2023-06-24,622.8333075261792,518.9638356822633,696.5314396366243,1138.7743620485574,4725.026970890725,24.0,5.0,0.0,24.0
2023-06-25,683.3618650419844,467.35990537882026,404.0750901160768,682.0874357618061,4951.136265913125,25.0,7.0,0.0,24.0
2023-06-26,805.1000455775893,731.6533099430183,204.75187218018195,204.75187218018195,5274.327035208896,26.5,15.25,0.0,24.0
2023-06-27,786.4399211599626,558.5991187180546,933.1806487467242,1053.8408701108433,5970.121534441834,24.0,5.0,3.0,24.0
2023-06-28,826.4163031307344,675.1324963563709,770.4540591174731,1211.561259911752,6448.819002176047,24.75,6.0,0.0,24.0
2023-06-29,813.3487071280535,692.1931723126471,685.1960981873603,1064.4895786520578,6395.119272375398,24.0,7.0,0.0,24.0
2023-06-30,819.9247510086489,634.9246279671287,734.8653597533025,1102.9046677667,6406.549747260213,24.0,4.0,0.0,24.0
2023-07-01,855.1032938081697,649.4962019860533,719.9113868477207,941.62781032757,6584.758540451284,25.25,7.0,0.0,24.0
2023-07-02,834.0322841522938,675.9703701957668,1041.3102361878284,1222.7986139292118,6578.781833101508,24.75,6.0,1.0,24.0
2023-07-03,706.1963732024885,628.5260863861731,869.8188025845536,1440.0,5624.056115568055,24.0,7.0,24.0,24.0
2023-07-04,650.2151407257172,353.9168540294792,804.1484232649028,1440.0,4977.466973120871,24.5,3.0,5.0,24.0
2023-07-05,674.5354384446954,571.3163487103328,638.888484298875,1150.224445725444,5222.511575122607,24.0,6.0,0.0,24.0
2023-07-06,741.4300062866313,584.7980645480238,572.2400943457263,872.048214369883,5560.182582799162,24.75,6.0,0.0,24.0
2023-07-07,705.9629844546622,542.7783806316314,558.5328586183446,616.8579049046895,5191.440122710503,25.0,8.25,0.0,24.0
2023-07-08,692.5252045493929,523.4519634445154,614.2454812304222,768.0016796531842,5015.211261982802,25.25,7.0,0.0,24.0
2023-07-09,675.078842307295,529.461879986117,1005.6396396175785,1351.7214647212559,5230.964475622768,24.0,5.75,0.0,24.0
2023-07-10,640.921927207117,578.2664884073563,543.9211945205685,834.8732824422377,4940.342766313777,24.0,7.0,6.0,24.0
2023-07-11,727.0474697724261,535.0939327512216,749.8123721932507,1056.4191204499282,5666.857224584948,24.5,5.0,0.0,24.0
2023-07-12,822.2732858914167,575.388226117047,543.8837382427035,584.3305359324303,5318.653641545631,27.25,9.0,0.0,24.0
2023-07-13,728.728070373788,541.9755182284722,720.2870098296752,1163.4397655895764,5639.625020756774,24.25,4.0,0.0,24.0
2023-07-14,731.0971106442391,623.4494004643589,467.75206897533843,892.0258467303614,5571.777472731635,24.5,9.0,0.0,24.0
2023-07-15,753.4169658081704,581.8487584072917,993.6665129984683,1308.5508077684594,5852.981850154037,24.25,5.0,0.0,24.0
2023-07-16,811.2943899921364,642.5536554337651,372.25146577875876,733.3956406327007,5895.976560564792,25.5,8.0,0.0,24.0
2023-07-17,826.9926835956126,677.5526215975447,581.5424671038926,581.5424671038926,5812.709007560657,26.25,10.0,0.0,24.0
2023-07-18,722.5497181099622,613.7670670674473,618.3725892097441,1040.434943344818,5422.950845118976,24.5,7.0,0.0,24.0
2023-07-19,689.5272707292921,480.44335213170575,1008.435875249646,1393.522542771732,5546.158246217034,24.0,4.0,6.0,24.0
2023-07-20,722.4151662831925,542.3372713409362,760.6479017789998,1423.866871594607,5646.370652220734,24.0,5.0,3.0,24.0
2023-07-21,779.311918179121,531.4671369220124,718.1791831186212,1381.5517578698389,6098.290153033149,24.0,2.0,0.0,24.0
2023-07-22,832.1636619085166,648.9334856568478,721.9672605899185,1355.5566007304935,6546.74557646284,24.0,4.0,0.0,24.0
2023-07-23,822.9903700007814,677.1372248599818,526.2277512329351,898.7807516236755,6300.190297877699,24.75,6.0,0.0,24.0
2023-07-24,832.3532074521789,660.5162066942685,706.021343168613,850.8387788515125,6311.744689131125,25.0,6.0,0.0,24.0
2023-07-25,857.9466071557986,718.5320595030216,573.6277141867382,991.1184867516672,6435.777960641973,25.5,7.75,0.0,24.0
2023-07-26,824.820601228897,714.6936684746373,507.56430662648665,552.442025768591,6083.731668554381,25.5,11.25,6.0,24.0
2023-07-27,862.0187094915976,653.6012919678343,970.3067374029954,1441.9071335718857,6770.008613215326,24.75,4.0,0.0,24.0
2023-07-28,849.5953097913883,703.6325466004732,728.0944332249127,1211.3076685269102,6730.496307208934,24.0,5.0,0.0,24.0
2023-07-29,864.8626366716809,724.6875540146782,587.217776840264,778.6107459629708,6768.034388900811,24.75,7.0,0.0,24.0
2023-07-30,886.1829503961424,812.4568146327174,242.93301408689823,242.93301408689823,6426.401877631114,25.75,14.0,0.0,24.0
2023-07-31,962.1099515108519,819.8589048418734,51.12529337346882,51.12529337346882,6196.645102404612,28.5,14.0,0.0,24.0
2023-08-01,737.7348905223237,605.3725501140365,920.3660882953519,920.3660882953519,6067.200908252569,24.0,9.0,0.0,24.0
2023-08-02,783.626037605666,617.6987538705739,762.1838492785416,868.3120962712787,5554.697396835505,26.0,9.0,15.0,24.0
2023-08-03,804.9536445479426,572.563088604302,739.0363438438832,1444.171929852931,6337.535173725591,24.0,2.0,0.0,24.0
2023-08-04,860.0970169887737,698.9938681020706,836.4322337017102,1337.10779833867,6843.751000371906,24.5,6.0,0.0,24.0
2023-08-05,870.9231086308753,692.4041630350893,739.5463898264911,1285.0146577573162,6897.079560228114,24.0,4.0,0.0,24.0
2023-08-06,882.3249182326774,751.0621161149816,367.9034560661066,682.2057583604735,6719.2460483508985,25.0,8.0,0.0,24.0
2023-08-07,891.4605304162768,736.242700835231,847.2890961789537,887.6484681134865,6800.388766947351,25.0,6.0,0.0,24.0
2023-08-08,879.7076654626289,669.4801737686488,737.4369913886507,1502.8319157282667,6977.538376661136,24.0,3.0,0.0,24.0
2023-08-09,822.6091757913167,702.1691706255889,180.60442624530506,497.46563119802033,6100.555703085357,25.25,9.0,0.0,24.0
2023-08-10,858.1686468539518,680.701179222199,808.2216451528709,924.6015397024148,6179.697303820287,26.0,8.0,0.0,24.0
2023-08-11,805.5630947722137,650.2563456267267,768.869260700273,1235.7112688287657,6293.7671148350955,24.5,6.0,0.0,24.0
2023-08-12,761.0493603597404,609.9684618468991,540.2824474115313,1045.9393989613811,5969.411150154719,24.0,5.0,0.0,24.0
2023-08-13,667.5322526545214,546.8162137705239,771.1985880861495,864.0613096002062,5237.809844666017,24.0,7.0,0.0,24.0
2023-08-14,754.2705276897698,739.7896198669943,505.3303109853229,502.1468398182623,5477.466183979589,25.75,14.0,0.0,24.0
2023-08-15,779.3723498878195,589.7082653920389,573.4859848601187,564.1434225397023,5446.807821860104,25.75,10.0,0.0,24.0
2023-08-16,726.1267780298128,497.7603202494157,1029.3174303868138,1545.4104513015116,5778.333739992442,24.0,2.0,6.0,24.0
2023-08-17,687.0433981801508,508.6094674107028,720.7055070735655,1331.3439958922836,5321.055580936326,24.0,4.0,0.0,24.0
2023-08-18,738.2815302642357,539.106075286384,871.812802056255,1229.2831816511753,5791.704189963538,24.5,4.0,0.0,24.0
2023-08-19,725.0177121912883,615.123941135467,606.5438884619749,1099.334781086005,5659.113539984936,24.0,5.0,0.0,24.0
2023-08-20,709.8277644989108,587.5439764218518,667.2260414498963,697.3984888926444,5512.045854585868,24.0,8.0,0.0,24.0
2023-08-21,722.8334758591848,711.2955993497768,483.83685555203425,483.83685555203425,5600.339629158315,24.0,12.25,0.0,24.0
2023-08-22,843.3809177644314,627.2007647812592,727.4947534379796,727.4947534379796,6000.55621193616,26.0,8.0,4.0,24.0
2023-08-23,821.5932887196376,685.4542804855655,828.0923419853185,1549.2148382280368,6453.935753462884,24.0,7.0,24.0,24.0
2023-08-24,821.3950479259328,567.0335653417645,716.2715325966278,1254.9652850345233,6460.779429534099,24.0,4.0,8.0,24.0
2023-08-25,805.2506900407171,591.1913536585841,716.8915514928303,1551.079140351814,6339.773115211214,24.0,3.0,0.0,24.0
2023-08-26,753.1280858043878,525.4023925252521,709.1083095622834,1653.6074379864915,5889.303403711496,24.0,2.0,0.0,24.0
2023-08-27,785.0386571024123,581.7435834744033,846.9619744468258,1413.4708519020683,6286.647769080891,24.0,3.0,0.0,24.0
2023-08-28,784.1406724545765,616.3497466524523,832.5503212947408,1320.9019899162704,6265.477721217379,24.0,5.0,0.0,24.0
2023-08-29,777.7631498310187,568.4437343466774,694.6905140080985,1423.8217227540674,6087.317446351478,24.0,3.0,0.0,24.0
2023-08-30,785.1631842564976,601.0777441406877,724.0118639936982,1189.4316760567012,6168.263244914436,24.0,4.0,0.0,24.0
2023-08-31,784.2602695126891,623.4030561057241,735.2793053851314,1100.7090931021773,6167.904847788477,24.0,5.0,0.0,24.0
2023-09-01,794.949055257449,625.2541907904453,891.4403945489571,1168.2113663129812,6240.150948954621,24.0,5.0,0.0,24.0
2023-09-02,796.9866757245371,690.9660974928092,428.663094324224,576.6880253683079,6261.259326479155,24.5,10.0,0.0,24.0
2023-09-03,817.7514442101576,720.2038732017796,388.2423251494047,388.2423251494047,5905.972990637021,25.0,12.0,7.0,24.0
2023-09-04,751.1912368514594,518.7727951589935,1103.76410387809,1642.1065325888599,5890.423527785156,24.0,2.0,24.0,24.0
2023-09-05,672.4112446463896,561.5353057162706,861.4052688023196,1504.2234340516975,5339.021302497485,24.0,6.0,17.0,24.0
2023-09-06,694.7932228871028,431.5781594964627,725.9689360424082,1350.7038288247857,5391.851081767913,24.0,5.0,6.0,24.0
2023-09-07,743.5533471004223,598.4890275268048,726.4163829310752,1051.0056534910836,5983.990061651804,24.0,6.0,0.0,24.0
2023-09-08,753.7548645452899,713.8799571526363,697.2593149774833,697.2593149774833,5989.477936037887,24.0,10.0,0.0,24.0
2023-09-09,748.2010267677188,584.5089373915031,1019.9575076860478,1036.8558548217627,5874.67030915585,24.0,5.0,0.0,24.0
2023-09-10,641.3394094500367,563.1508539416246,656.0881933436125,788.6077718386828,4964.774371373438,24.0,9.0,1.0,24.0
2023-09-11,616.8351323645718,365.0000242524127,972.275928117955,1715.5414045856041,4855.41073169199,24.0,1.0,5.0,24.0
2023-09-12,594.1939793986274,416.842089351793,728.0596173133974,1151.862331808621,4435.4330314479375,24.0,5.0,0.0,24.0
2023-09-13,590.9259626065938,357.1001934023704,710.9027612720381,1362.4145256166814,4239.830810116671,24.0,3.0,3.0,24.0
2023-09-14,599.1834086490031,346.2322242040128,714.9560941614051,1761.3502785890996,4485.3895056632555,24.0,2.0,0.0,24.0
2023-09-15,594.6763775163324,405.7657116756376,894.5869961612857,1529.067893960629,4532.062354108301,24.0,4.0,3.0,24.0
2023-09-16,608.950274341389,334.8808665482301,738.7203976532552,1512.162376193033,4628.3738429022305,24.0,2.0,0.0,24.0
2023-09-17,599.5157117521918,366.94850157779183,724.3615947899302,1680.33040222505,4565.629708734819,24.0,2.0,0.0,24.0
2023-09-18,614.1087374377774,470.5970947143898,729.2846213184476,1384.108019879404,4720.065195023929,24.0,4.5,0.0,24.0
2023-09-19,619.1372881232045,479.6607127303188,613.229832659963,815.9303090495644,4740.152459053422,24.0,6.0,0.0,24.0
2023-09-20,635.7624487387288,584.9623971167287,490.24595558748035,713.5000137264337,4714.666318228254,24.0,9.0,0.0,24.0
2023-09-21,662.8321667662265,604.5529679661155,688.4861918400011,688.4861918400011,4923.318049114271,24.0,11.0,0.0,24.0
2023-09-22,664.1608964195055,453.57502472902377,876.2704719899432,876.2704719899432,4989.821953746111,24.0,8.0,0.0,24.0
2023-09-23,673.4746266275829,379.5997037238942,886.3500956441844,1795.965206703899,5236.891896573555,24.0,0.0,0.0,24.0
2023-09-24,628.9444206788626,454.3398738997926,679.2565128558686,1172.5668305519562,4819.143553816054,24.0,4.0,0.0,24.0
2023-09-25,607.1688869329231,510.33101565084075,717.4848137500896,907.0845499480473,4736.232658899119,24.0,8.0,0.0,24.0
2023-09-26,625.0004242225829,536.7146628111016,930.3866601658949,1081.8436867619744,4963.625295421331,24.0,8.0,0.0,24.0
2023-09-27,669.929606335412,428.38448601360983,847.763215910599,1339.272237800597,5177.86093277205,24.0,2.0,0.0,24.0
2023-09-28,673.5400375577368,502.2542543956091,711.517897196653,1104.8361186302923,5212.681946359283,24.0,6.0,0.0,24.0
2023-09-29,684.4900918843582,526.5249547776809,761.9507096003362,1230.1894356564376,5335.3762013660735,24.0,6.0,0.0,24.0
2023-09-30,711.1555208332735,521.9777151526996,717.5399971463786,1426.442229446113,5535.0905157038715,24.0,4.25,0.0,24.0
2023-10-01,700.4556290833808,422.0287366887174,893.8379134672751,1393.1896387009303,5488.6968050941405,24.0,2.0,0.0,24.0
2023-10-02,693.9906791091173,556.8163071433555,763.6742319876558,1335.1536312092217,5553.069720782267,24.0,7.0,0.0,24.0
2023-10-03,701.6498493461688,545.9729513217227,846.7031559999501,1396.635144225606,5466.427091895086,24.0,4.0,0.0,24.0
2023-10-04,671.3543460681582,636.1846130637367,539.3409675640792,771.6104390220867,5193.18500868664,24.0,8.25,0.0,24.0
2023-10-05,681.5197006293081,558.0191356877272,700.170298934769,700.170298934769,5382.10590605131,24.0,10.0,0.0,24.0
2023-10-06,693.0376306983435,505.0619270726975,1065.711709209901,1065.711709209901,5393.61434020591,24.0,5.0,0.0,24.0
2023-10-07,680.8059580743904,620.4484234103436,485.7609896728527,937.6525858768671,5266.884778732712,24.0,8.0,0.0,24.0
2023-10-08,657.2603974306936,455.02487058869946,948.8478157256129,1198.2761631441958,5067.068155870499,24.0,5.0,1.0,24.0
2023-10-09,647.4016979545232,407.60262369155623,706.8222154582098,1517.5840845182088,4988.4402151063205,24.0,3.0,11.0,24.0
2023-10-10,601.0208128890372,365.09483575317466,795.997670025341,1560.049629297521,4647.7106853356045,24.0,2.0,0.0,24.0
2023-10-11,610.1416243054754,440.44425097971884,806.5547007448104,1396.1728251280847,4747.575333406328,24.0,6.0,0.0,24.0
2023-10-12,658.3407917545675,431.79733441982063,791.8450915185972,1607.226821064951,5168.860345064099,24.0,2.0,0.0,24.0
2023-10-13,682.2941174999398,461.4348531241941,708.5994933011522,1386.0032981661445,5281.651527204175,24.0,3.0,0.0,24.0
2023-10-14,722.0283592863885,533.4346097778679,859.1487000425656,1637.2198664103541,5764.754492517136,24.0,4.0,0.0,24.0
2023-10-15,733.193168224412,540.3859009665578,721.0836355487423,1386.230255178549,5724.079700283424,24.0,4.0,0.0,24.0
2023-10-16,714.1157952435359,470.37879783007065,729.5671620507737,1559.0518618948904,5572.651715151155,24.0,2.0,0.0,24.0
2023-10-17,725.015505876106,493.3558241589366,822.1228922969246,1608.7668241584292,5747.092659426326,24.0,2.0,0.0,24.0
2023-10-18,739.2985227058292,496.933077567105,811.5742738268489,1892.3688902969172,5876.935250967483,24.0,2.0,3.0,24.0
2023-10-19,696.2778873565236,449.668333014279,701.8442112707593,1618.1980419499882,5392.382915641681,24.0,2.0,0.0,24.0
2023-10-20,713.0945826270779,436.38948602962495,704.2785608098467,1733.2670958631015,5548.103289589966,24.0,0.0,0.0,24.0
2023-10-21,688.4191055098524,609.0921336026911,654.0503291202102,1261.480215965524,5336.786585059017,24.0,7.0,0.0,24.0
2023-10-22,643.0056259163208,511.44991254150403,553.6843645622481,660.8494050591304,4943.532991191103,24.0,7.5,0.0,24.0
2023-10-23,659.0542908398949,462.57504717577433,927.4647914673926,1313.3840302480626,5076.137600264109,24.0,6.75,0.0,24.0
2023-10-24,608.2108588382225,401.2280422421582,923.2538391204062,1568.2639709399728,4845.843284844053,24.0,3.0,0.0,24.0
2023-10-25,596.6073901669287,354.09971016335845,875.5240164202573,1827.2609913048902,4695.341799863757,24.0,2.25,0.0,24.0
2023-10-26,594.2136898834489,369.61538228868903,752.7269247322603,1378.892666016194,4389.044562677358,24.0,3.0,0.0,24.0
2023-10-27,604.9763811485939,322.36074649313593,860.3111724600165,1977.901352065118,4758.302957749565,24.0,0.0,0.0,24.0
2023-10-28,608.3565938242043,387.000495338411,716.6663101331769,1751.2775404275692,4659.543376319102,24.0,3.0,6.0,24.0
2023-10-29,606.4243848012183,418.3296597418803,752.630314265275,1318.2816722153207,4654.664091447697,24.0,4.25,0.0,24.0
2023-10-30,624.1479629299669,371.8020891773406,695.1495795587168,1710.6134673483973,4782.9839966643385,24.0,2.0,0.0,24.0
2023-10-31,654.0456152503964,470.25808658047185,923.9313891810274,1653.0765308003465,5255.160246911821,24.0,4.0,0.0,24.0
2023-11-01,664.6806292958763,390.08188668190337,884.1341735133972,1586.2553993345482,5253.639137753057,24.0,2.0,0.0,24.0
2023-11-02,617.2486060485128,549.2282007367701,676.3008818339611,1101.9314767243563,4788.453891858821,24.0,7.0,4.0,24.0
2023-11-03,615.9073466367909,310.3481985170306,859.4801167704323,1478.0135258509372,4651.190609493421,24.0,2.0,5.0,24.0
2023-11-04,672.137094229628,394.59821997974257,751.5260473396584,1817.4666383137574,5242.473400886982,24.0,0.0,3.0,24.0
2023-11-05,658.6413322183776,420.9940295804132,831.2570039732801,1973.3044329374927,5216.575188065243,24.0,2.0,0.0,24.0
2023-11-06,660.5893263313926,416.77686353121044,938.690974038737,1958.0199020416294,5332.814007407067,24.0,2.0,0.0,24.0
2023-11-07,645.5859365484741,368.26278199033493,711.2500001368419,1650.4290649332243,4979.008304197476,24.0,0.0,0.0,24.0
2023-11-08,611.1175863225872,429.2942691902378,731.105939484181,1431.765158644984,4688.192021145153,24.0,5.0,0.0,24.0
2023-11-09,620.7019786543324,391.68123344625513,726.5581544003207,1650.0932663214344,4749.033056643688,24.0,2.0,0.0,24.0
2023-11-10,591.0292384567364,412.02316612858993,850.8477426964206,1214.4352106627261,4461.264509499346,24.0,5.0,0.0,24.0
2023-11-11,610.1029557004657,369.58721833335636,930.1261241249503,1631.0993706063439,4765.245785679083,24.0,3.0,0.0,24.0
2023-11-12,593.890417074288,480.4973584283415,712.2369967076753,1227.1194936977274,4480.563266692668,24.0,5.0,0.0,24.0
2023-11-13,594.0711208170992,354.28225137574896,819.0258752142607,1455.7690552992344,4490.28845613573,24.0,4.0,0.0,24.0
2023-11-14,595.3569373820911,381.054163807632,855.5520439087924,1520.0588436502417,4488.753802861176,24.0,4.0,0.0,24.0
2023-11-15,825.5459091132025,703.141217453869,926.1687067557588,1371.6066120422215,6338.187282294918,26.5,9.0,0.0,24.0
2023-11-16,847.7098334566914,710.993207688638,1340.4486201095042,1424.4482132383018,6724.208213390918,26.25,13.0,0.0,24.0
2023-11-17,857.1052969782463,680.7711407667671,1117.7410460050594,1117.7410460050594,6411.492214341358,27.0,14.0,0.0,24.0
2023-11-18,736.4024316816174,581.4621038997658,1620.9951823061708,1620.9951823061708,6300.88249077298,25.0,8.0,0.0,24.0
2023-11-19,871.0902803775061,695.4841112387684,1287.9121630368893,1449.0052687799193,6782.705165843917,26.75,9.0,0.0,24.0
2023-11-20,807.4218578754163,693.5272875110155,1269.5570916921758,1330.1143863435811,6491.011208696282,25.75,10.0,0.0,24.0
2023-11-21,900.4955954310124,720.9065854587553,872.6057771639545,872.6057771639545,6157.451895383776,28.75,14.25,0.0,24.0
2023-11-22,915.1861817864194,721.6544407893634,949.2043152645834,949.2043152645834,6266.096255315682,29.25,16.0,0.0,24.0
2023-11-23,924.4492535324296,790.7856122510024,997.6044222267191,997.6044222267191,6491.917600145898,29.25,16.25,0.0,24.0
2023-11-24,880.9878112484563,657.6179559001615,1608.2683988764948,1698.1698361293656,7093.343311434711,26.75,10.0,0.0,24.0
2023-11-25,914.066212419232,717.70405814979,1309.7624884979582,1343.9743032930132,6746.081878936542,29.0,11.0,0.0,24.0
2023-11-26,759.7706008284364,653.4426920881135,1560.1717208810942,1560.1717208810942,6454.327660851322,25.25,13.0,0.0,24.0
2023-11-27,912.7063233779355,710.5619243566147,1134.6684189479581,1134.6684189479581,6181.724447891959,30.25,14.25,0.0,24.0
2023-11-28,707.9076090111971,522.5917960684849,1915.4398035182126,1965.8614415996985,6392.675850695314,25.25,7.0,0.0,24.0
2023-11-29,796.0601971053986,657.0568832041478,1429.0711049294862,1566.7644881228227,6428.790814807964,26.25,10.0,0.0,24.0
2023-11-30,1020.8650579851146,862.0635103419086,662.3645780119427,662.3645780119427,6101.61501193121,31.75,19.0,0.0,24.0
2023-12-01,814.0646549959569,743.5007602388695,922.3915330031292,922.3915330031292,5999.311077040686,27.25,17.0,0.0,24.0
2023-12-02,659.0856792447117,533.6518336005836,1732.3513230081683,1808.429262466438,5875.646584149181,24.0,9.0,0.0,24.0
2023-12-03,658.3898670808189,495.2883552219626,1666.0890696977917,1853.5295553271517,5674.932179387864,24.75,7.0,0.0,24.0
2023-12-04,788.6481679923933,592.6167745621913,1100.5015794129497,1299.9263578415555,5519.911653425884,27.75,11.0,0.0,24.0
2023-12-05,711.0725413801503,518.1200229923949,1393.419620954733,1445.3311805173562,5467.621911735167,26.0,9.25,0.0,24.0
2023-12-06,870.8152764919759,673.01635891664,1064.5493631227966,1064.5493631227966,5772.528643748809,29.0,13.25,0.0,24.0
2023-12-07,912.4328762192829,720.2715820995222,935.795347901981,935.795347901981,5843.481826229223,30.0,15.0,0.0,24.0
2023-12-08,892.0374028609798,705.054804436847,1046.395085655258,1046.395085655258,6061.520167491255,29.0,14.0,0.0,24.0
2023-12-09,915.0258437487296,665.9591366150321,1140.9206921987616,1140.9206921987616,6379.477125587852,29.75,13.25,0.0,24.0
2023-12-10,834.6629384381771,678.0536209708231,1459.897089500531,1534.8394736290702,6753.034410452953,26.5,10.0,0.0,24.0
2023-12-11,914.3545246034141,747.3600475801862,1173.237155629117,1173.237155629117,6619.187671198723,28.75,13.0,0.0,24.0
2023-12-12,796.0769447825671,602.4780227447226,1734.1286618925626,1787.0072336247715,6605.147176208339,26.5,10.0,6.0,24.0
2023-12-13,872.7936754353597,667.2592608591016,1220.4924799073985,1391.722150768756,6483.870745444555,27.5,11.0,0.0,24.0
2023-12-14,800.0144379629072,661.8637195802755,1544.3167389797238,1556.9732231329697,6524.412053574977,26.25,12.0,3.0,24.0
2023-12-15,883.0858676560101,711.0961966599747,1237.1087069763562,1237.1087069763562,6485.681862738254,28.5,12.0,0.0,24.0
2023-12-16,1025.8389217631236,766.1688023136578,906.7464905180889,906.7464905180889,6494.789329637399,31.75,15.0,0.0,24.0
2023-12-17,944.4177217965512,718.8600004777547,1196.220278232194,1196.220278232194,6564.865833426846,29.75,14.75,0.0,24.0
2023-12-18,845.6738808846038,676.6907088359933,1327.2150791975507,1327.2150791975507,6294.129478750748,27.5,14.0,0.0,24.0
2023-12-19,804.5275787638727,630.4501296006288,1539.2206963741087,1638.3684138213387,6439.384854418508,26.75,11.0,0.0,24.0
2023-12-20,875.7720772428601,698.886338625028,1388.5014085115758,1388.5014085115758,6525.593891193255,28.5,13.0,0.0,24.0
2023-12-21,919.510760148664,679.605113924833,1117.1227019752175,1117.1227019752175,6204.9227660866345,30.25,12.0,0.0,24.0
2023-12-22,897.993439594956,761.9967427790713,1099.537724954777,1099.537724954777,6063.438320652448,29.25,16.0,0.0,24.0
2023-12-23,1009.500244849504,766.3363099782723,819.1601261659073,819.1601261659073,6132.23601106518,31.5,15.0,0.0,24.0
2023-12-24,942.8411957427878,716.6411088440713,1052.9771923493586,1052.9771923493586,6267.85257443617,29.75,14.25,0.0,24.0
2023-12-25,953.7767468617611,784.8962578309768,910.6824720851184,910.6824720851184,6279.19411379497,30.5,16.5,0.0,24.0
2023-12-26,975.7790988858591,807.7274322173776,836.1376547466053,836.1376547466053,6214.104300005521,31.25,17.0,0.0,24.0
2023-12-27,965.763425875854,712.4382523521544,857.418670465312,857.418670465312,6162.176744452016,31.0,14.0,0.0,24.0
2023-12-28,947.1963519263722,779.4765210074145,970.8339399692686,970.8339399692686,6335.070824414612,30.75,19.25,0.0,24.0
2023-12-29,789.1427601462733,622.8897658108211,1371.2878181345102,1371.2878181345102,6122.0494390189615,26.75,12.0,0.0,24.0
2023-12-30,968.2958757425218,740.3612092881624,942.1049174717944,942.1049174717944,6275.702463203113,30.75,15.0,0.0,24.0
2023-12-31,1173.3651351687215,917.6971202594352,1241.361421309214,1241.361421309214,7704.068249832063,35.75,19.5,0.0,29.0
